title;link
Оригинальные фигурки;/catalog/anime-figurki/originalnye-figurki/
Китайские фигурки;/catalog/anime-figurki/kopii_figurok_kitay/
Маленькие фигурки;/catalog/anime-figurki/malenkie_kitayskie_figurki/
Предзаказ фигурок;/catalog/anime-figurki/predzakaz_figurok/
Акриловые фигурки;/catalog/anime-figurki/akrilovye_figurki/
Китайские фигурки;/catalog/anime-figurki/kopii_figurok_kitay/
Маленькие фигурки;/catalog/anime-figurki/malenkie_kitayskie_figurki/
Предзаказ фигурок;/catalog/anime-figurki/predzakaz_figurok/
Акриловые фигурки;/catalog/anime-figurki/akrilovye_figurki/
Брелки;/catalog/aksessuary/brelki_dlya_klyuchey/
Браслеты;/catalog/aksessuary/braslety/
Броши, Заколки, Серьги;/catalog/aksessuary/zakolki/
Колье, Тату Чокеры;/catalog/aksessuary/kole/
Кольца;/catalog/aksessuary/koltsa/
Кулоны;/catalog/aksessuary/kulony/
Игральные карты;/catalog/anime_staff/igralnye_karty/
Кружки;/catalog/anime_staff/kruzhki-keramicheskie/
Коллекционные карточки;/catalog/anime_staff/kollektsionnye-kartochki/
Наушники;/catalog/anime_staff/naushniki/
Нашивки;/catalog/anime_staff/nashivki/
Обложки на паспорт;/catalog/anime_staff/oblozhki_na_pasport/
Пазлы;/catalog/anime_staff/pazly/
Подарочные аниме боксы;/catalog/anime_staff/podarochnye-anime-nabory/
Часы;/catalog/anime_staff/watch/
Фляжки и Термосы;/catalog/anime_staff/flyazhki-i-termosy/
Другое;/catalog/anime_staff/drugoe/
Дакимакуры подушки;/catalog/dakimakury-i-podushki/podushki_obnimashki/
Наволочки дакимакуры;/catalog/dakimakury-i-podushki/navolochki_obnimashki/
Дакимакура на заказ;/catalog/dakimakury-i-podushki/dakimakury-na-zakaz.php
Дакимакура основа;/catalog/dakimakury-i-podushki/dakimakura_podushka_bez_navolochki/
Аниме Подушки;/catalog/dakimakury-i-podushki/podushki_prostye/
В наличии на Менделеевской;/catalog/dakimakury-i-podushki/v-nalichii-v-magazine-na-mendeleevskoy.php
Значки фигурные;/catalog/znachki/znachki_figurnye/
Деревянные значки;/catalog/znachki/znachki_derevyannye/
Наборы значков;/catalog/znachki/nabory_znachkov/
Магниты на холодильник;/catalog/znachki/magnity_na_kholodilnik/
Фигурные магниты;/catalog/znachki/figurnye_magnity/
Круглые коврики;/catalog/mousepad/kruglye_kovriki/
Прямоугольные коврики;/catalog/mousepad/pryamougolnye_kovriki/
Фигурные коврики;/catalog/mousepad/figurnye_kovriki/
Костюмы;/catalog/cosplay/kospley-kostyumy/
Ключи Fairy Tail;/catalog/cosplay/klyuchi_fairy_tail/
Катаны, кунаи, мечи;/catalog/cosplay/katany-kunai-kospley-oruzhie/
Маски;/catalog/cosplay/maski/
Лапки;/catalog/cosplay/lapki/
Парики;/catalog/cosplay/kospley-pariki/
Повязки Наруто;/catalog/cosplay/povyazki-naruto/
Ушки и хвостики;/catalog/cosplay/ushki-i-khvostiki/
Кошельки джинса;/catalog/koshelki/koshelki_dzhinsa/
Кошельки кожзам;/catalog/koshelki/koshelki_kozhzam/
Пеналы школьные;/catalog/koshelki/penaly_shkolnye/
Косметички;/catalog/koshelki/kosmetichki/
Книги и Ранобэ;/catalog/manga/knigi/
Скетчбуки;/catalog/manga/sketchbuki_i_bloknoty/
Артбуки и Журналы;/catalog/manga/artbuki/
Тетради;/catalog/manga/tetradi/
Комиксы;/catalog/manga/komiksy/
Манхва;/catalog/manga/mankhva/
Закладки для книг;/catalog/manga/zakladki_dlya_knig/
По фильмам и играм;/catalog/myagkieigrushki/po_filmam_i_igram/
Футболки аниме;/catalog/odezhda/futbolki_anime/
Толстовки;/catalog/odezhda/tolstovki/
Кигуруми;/catalog/odezhda/kigurumi/
Наклейки;/catalog/plakaty/nakleyki/
Стикеры виниловые;/catalog/plakaty/stikery_vinilovye/
Объемные стикеры;/catalog/plakaty/obemnye_stikery/
Календари;/catalog/plakaty/kalendari/
Картины на холсте;/catalog/plakaty/kartiny-na-kholste/
Тканевые гобелены;/catalog/plakaty/tkanevye_plakaty/
Открытки;/catalog/plakaty/otkrytki/
Сумки с клапаном;/catalog/sumki/sumki_s_klapanom/
Рюкзаки;/catalog/sumki/ryukzaki/
Мешки для обуви;/catalog/sumki/meshki_dlya_obuvi/
Склеральные линзы;/catalog/tsvetnye-karnavalnye-linzy-dlya-glaz/skleralnye_linzy/
Растворы и аксессуары;/catalog/tsvetnye-karnavalnye-linzy-dlya-glaz/rastvory_dlya_linz/
Японские сладости;/catalog/yaponskie_sladosti_eda_i_napitki/sladosti/
Японские продукты;/catalog/yaponskie_sladosti_eda_i_napitki/yaponskie_produkty/
Напитки;/catalog/yaponskie_sladosti_eda_i_napitki/napitki/
Аниме DVD;/catalog/animediski/anime-dvd/
Корейские сериалы;/catalog/animediski/doramy/
Японские фильмы;/catalog/animediski/films/
Баскетбол Куроко;/anime/basketbol-kuroko/
Бездомный Бог;/anime/bezdomnyy-bog/
Берсерк;/anime/berserk/
Бесконечное лето;/anime/beskonechnoe-leto/
Блич;/anime/blich/
Бог старшей школы;/anime/bog-starshey-shkoly/
Ван-Пис;/anime/van-pis/
Ванпанчмен;/anime/vanpanchmen/
Великий из бродячих..;/anime/velikiy-iz-brodyachikh-psov/
Вокалоиды;/anime/vokaloidy/
Волейбол!;/anime/voleybol/
Волчица и Пряности;/anime/volchitsa-i-pryanosti/
Вольный стиль;/anime/free/
Восхождение Героя..;/anime/voskhozhdenie-geroya-shchita/
Врата Штейна;/anime/vrata-shteyna/
Гандам;/anime/gandam/
Гинтама;/anime/gintama/
Гравити Фолз;/anime/graviti-folz/
Данганронпа;/anime/danganronpa/
Дневник Будущего;/anime/dnevnik-budushchego/
Доктор Стоун;/anime/doktor-stoun/
Евангелион;/anime/evangelion/
Класс убийц;/anime/klass-ubiyts/
Клинок, рассекающий..;/anime/klinok-rassekayushchiy-demonov/
Любимый во Франксе;/anime/lyubimyy-vo-frankse/
Магистр..;/anime/magistr-dyavolskogo-kulta/
Мастера меча онлайн;/anime/mastera-mecha-onlayn/
Моб Психо 100;/anime/mob-psikho-100/
Моя геройская..;/anime/moya-geroyskaya-akademiya/
Наруто;/anime/naruto/
Невероятные..;/anime/neveroyatnye-priklyucheniya-dzhodzho/
Нет игры! Нет..;/anime/net-igry-net-zhizni/
Обещанный Неверленд;/anime/obeshchannyy-neverlend/
Оверлорд;/anime/overlord/
Отель Хазбин;/anime/otel-khazbin/
Очень Приятно, Бог;/anime/ochen-priyatno-bog/
Пламенная бригада..;/anime/plamennaya-brigada-pozharnykh/
Покемон;/anime/pokemon/
Сага о Винланде;/anime/saga-o-vinlande/
Салли Фейс;/anime/salli-feys/
Сейлор Мун;/anime/seylor-mun/
Семь Смертных..;/anime/sem-smertnykh-grekhov/
Семья шпиона;/anime/semya-shpiona/
Синий Экзорцист;/anime/siniy-ekzortsist/
Соник;/anime/sonik/
Темный Дворецкий;/anime/temnyy-dvoretskiy/
Тетрадь Смерти;/anime/tetrad-smerti/
Токийский Гуль;/anime/tokiyskiy-gul/
Торадора;/anime/toradora/
Тоторо;/anime/totoro/
Учитель-Мафиози..;/anime/uchitel-mafiozi-reborn/
Харухи Судзумии;/anime/kharukhi-sudzumii/
Хвост Феи;/anime/khvost-fei/
Хеллсинг;/anime/hellsing/
Хеталия;/anime/khetaliya/
Человек-бензопила;/anime/chelovek-benzopila/
Чёрный Клевер;/anime/chyernyy-klever/
Юри на Льду;/anime/yuri-na-ldu/
Ахегао;/anime/axerao/
BTS K-POP;/anime/bts-k-pop/
Cyberpunk 2077;/anime/cyberpunk-2077/
Detroit Become..;/anime/detroit-become-human/
Genshin Impact;/anime/genshin-impact/
Hunter x Hunter;/anime/hunter-x-hunter/
Nier Automata;/anime/nier-automata/
Overwatch;/anime/overwatch/
Skyrim;/anime/skyrim/
Witcher;/anime/witcher/
Манга 18+;/anime/manga-18/
